city,longitude,latitude,maxtemp_f,humidity_percent,cloudiness_percent,windspeed_mph,country,date
San Isidro,-77.05,-12.1167,68.5,50.0,0.0,1.01,PE,2022-02-05 22:20:17-05:00
Ushuaia,-68.3,-54.8,49.66,57.0,20.0,18.41,AR,2022-02-05 22:16:47-05:00
Tasiilaq,-37.6368,65.6145,14.16,55.0,95.0,6.93,GL,2022-02-05 22:10:33-05:00
Key Largo,-80.4473,25.0865,72.01,80.0,48.0,8.88,US,2022-02-05 22:19:45-05:00
Norman Wells,-126.8329,65.282,-10.93,93.0,40.0,5.86,CA,2022-02-05 22:13:58-05:00
Cape Town,18.4232,-33.9258,66.09,75.0,0.0,1.01,ZA,2022-02-05 22:17:21-05:00
Saint-Philippe,55.7679,-21.3585,78.39,84.0,99.0,19.24,RE,2022-02-05 22:10:35-05:00
Port Alfred,26.891,-33.5906,70.2,88.0,49.0,25.12,ZA,2022-02-05 22:10:30-05:00
Mayumba,10.6554,-3.432,76.37,88.0,97.0,5.26,GA,2022-02-05 22:20:18-05:00
Soyo,12.3689,-6.1349,77.49,85.0,99.0,3.78,AO,2022-02-05 22:20:18-05:00
Igarka,86.5833,67.4667,-4.74,98.0,98.0,3.49,RU,2022-02-05 22:20:19-05:00
Khatanga,102.5,71.9667,-20.94,98.0,99.0,6.02,RU,2022-02-05 22:20:19-05:00
Isla Mujeres,-86.731,21.2311,71.65,82.0,91.0,15.1,MX,2022-02-05 22:20:19-05:00
Superior,-92.1041,46.7208,17.42,84.0,100.0,0.0,US,2022-02-05 22:19:37-05:00
Bluff,168.3333,-46.6,59.81,58.0,9.0,11.59,NZ,2022-02-05 22:19:51-05:00
Diego de Almagro,-70.05,-26.3667,66.27,37.0,0.0,0.51,CL,2022-02-05 22:16:21-05:00
San Patricio,-97.5169,28.017,44.83,59.0,0.0,6.73,US,2022-02-05 22:15:15-05:00
Punta Arenas,-70.9167,-53.15,53.71,58.0,40.0,8.05,CL,2022-02-05 22:16:47-05:00
Ribeira Grande,-28.7,38.5167,59.5,75.0,4.0,15.01,PT,2022-02-05 22:12:00-05:00
Hermanus,19.2345,-34.4187,71.91,89.0,64.0,9.89,ZA,2022-02-05 22:20:20-05:00
East London,27.9116,-33.0153,69.66,89.0,93.0,16.06,ZA,2022-02-05 22:12:37-05:00
Avarua,-159.775,-21.2078,82.45,74.0,40.0,12.66,CK,2022-02-05 22:12:47-05:00
Fortuna,-124.1573,40.5982,47.66,92.0,0.0,0.0,US,2022-02-05 22:14:34-05:00
Coreaú,-40.6567,-3.5333,72.88,91.0,29.0,1.54,BR,2022-02-05 22:20:20-05:00
Ridgecrest,-117.6709,35.6225,51.42,21.0,67.0,2.46,US,2022-02-05 22:20:21-05:00
Flinders,150.8552,-34.5833,72.81,66.0,88.0,15.95,AU,2022-02-05 22:18:34-05:00
Bredasdorp,20.0403,-34.5322,68.29,96.0,51.0,6.46,ZA,2022-02-05 22:20:21-05:00
Amapá,-52.0,1.0,71.2,99.0,100.0,1.48,BR,2022-02-05 22:16:51-05:00
Sisimiut,-53.6735,66.9395,1.2,93.0,100.0,7.05,GL,2022-02-05 22:20:22-05:00
Cherskiy,161.3,68.75,-28.55,98.0,24.0,0.98,RU,2022-02-05 22:13:42-05:00
Igatpuri,73.55,19.7,65.25,35.0,19.0,5.23,IN,2022-02-05 22:20:22-05:00
Codrington,141.9667,-38.2667,79.2,40.0,56.0,15.57,AU,2022-02-05 22:10:47-05:00
Geraldton,114.6,-28.7667,81.01,61.0,100.0,18.41,AU,2022-02-05 22:11:11-05:00
Butaritari,172.7902,3.0707,82.83,74.0,93.0,17.11,KI,2022-02-05 22:11:53-05:00
Ulladulla,150.4667,-35.35,71.87,57.0,36.0,13.76,AU,2022-02-05 22:20:22-05:00
San Andrés,-81.7006,12.5847,80.62,74.0,20.0,9.22,CO,2022-02-05 22:18:21-05:00
Rikitea,-134.9692,-23.1203,79.43,68.0,100.0,13.71,PF,2022-02-05 22:20:23-05:00
Hobart,147.3294,-42.8794,76.01,46.0,20.0,1.01,AU,2022-02-05 22:20:17-05:00
Nikolskoye,30.7861,59.7035,27.72,97.0,100.0,4.85,RU,2022-02-05 22:11:07-05:00
Malé,73.5089,4.1748,81.3,65.0,100.0,7.58,MV,2022-02-05 22:20:23-05:00
Enumclaw,-121.9915,47.2043,43.83,91.0,10.0,4.16,US,2022-02-05 22:20:23-05:00
Albany,-73.9662,42.6001,10.51,71.0,5.0,5.97,US,2022-02-05 22:18:56-05:00
Tourlaville,-1.5664,49.6383,51.22,81.0,100.0,27.63,FR,2022-02-05 22:20:24-05:00
Cabo San Lucas,-109.9124,22.8909,66.51,58.0,0.0,1.99,MX,2022-02-05 22:17:18-05:00
Constitución,-72.4167,-35.3333,60.85,69.0,0.0,9.51,CL,2022-02-05 22:20:24-05:00
Salalah,54.0924,17.0151,68.25,79.0,4.0,3.33,OM,2022-02-05 22:20:24-05:00
Hithadhoo,73.0833,-0.6,81.81,73.0,2.0,8.41,MV,2022-02-05 22:13:09-05:00
Kahului,-156.47,20.8947,78.82,71.0,0.0,16.11,US,2022-02-05 22:21:25-05:00
Mataura,168.8643,-46.1927,59.49,37.0,14.0,4.45,NZ,2022-02-05 22:16:45-05:00
Bud,-86.1758,39.447,17.91,89.0,9.0,7.2,US,2022-02-05 22:20:34-05:00
Skjervøy,20.9714,70.0311,30.74,69.0,99.0,21.7,NO,2022-02-05 22:21:25-05:00
Torbay,-52.7314,47.6666,42.76,94.0,100.0,12.66,CA,2022-02-05 22:20:46-05:00
Mount Gambier,140.7667,-37.8333,83.97,27.0,23.0,6.64,AU,2022-02-05 22:16:29-05:00
Narsaq,-46.05,60.9167,1.62,71.0,100.0,5.37,GL,2022-02-05 22:13:23-05:00
Lompoc,-120.4579,34.6391,58.42,72.0,0.0,0.0,US,2022-02-05 22:12:36-05:00
Trairi,-39.2689,-3.2778,76.89,86.0,11.0,5.84,BR,2022-02-05 22:12:48-05:00
Barrow,-156.7887,71.2906,-20.18,69.0,0.0,10.36,US,2022-02-05 22:21:26-05:00
Kingsville,-97.8561,27.5159,42.66,73.0,0.0,5.75,US,2022-02-05 22:21:27-05:00
Northam,-4.2167,51.0333,51.03,93.0,100.0,32.17,GB,2022-02-05 22:21:27-05:00
Atuona,-139.0333,-9.8,78.69,78.0,38.0,20.87,PF,2022-02-05 22:21:27-05:00
Charlottetown,-63.1267,46.2352,14.0,69.0,100.0,15.01,CA,2022-02-05 22:17:32-05:00
Hilo,-155.09,19.7297,76.73,75.0,20.0,6.91,US,2022-02-05 22:19:37-05:00
Le Chambon-Feugerolles,4.3259,45.3969,28.98,93.0,0.0,2.3,FR,2022-02-05 22:21:28-05:00
Pittsfield,-73.2454,42.4501,12.79,61.0,0.0,8.05,US,2022-02-05 22:16:39-05:00
Yellowknife,-114.3525,62.456,-16.58,83.0,0.0,9.22,CA,2022-02-05 22:21:28-05:00
Lüderitz,15.1594,-26.6481,66.18,82.0,94.0,6.55,NA,2022-02-05 22:16:41-05:00
Busselton,115.3333,-33.65,74.05,63.0,81.0,14.0,AU,2022-02-05 22:21:28-05:00
Coquimbo,-71.3436,-29.9533,62.33,88.0,100.0,2.3,CL,2022-02-05 22:17:01-05:00
Luba,8.5547,3.4568,79.16,81.0,5.0,5.73,GQ,2022-02-05 22:12:09-05:00
Mackay,149.2,-21.15,83.68,72.0,68.0,20.96,AU,2022-02-05 22:21:29-05:00
Padang,100.3543,-0.9492,80.65,87.0,100.0,3.38,ID,2022-02-05 22:13:34-05:00
Castro,-50.0119,-24.7911,64.02,98.0,99.0,2.39,BR,2022-02-05 22:21:29-05:00
Orán,-64.326,-23.1322,76.33,86.0,86.0,3.36,AR,2022-02-05 22:21:30-05:00
Kasongo-Lunda,16.8167,-6.4667,68.54,98.0,100.0,0.25,CD,2022-02-05 22:21:30-05:00
Smolenka,113.4974,52.1352,-3.93,84.0,86.0,2.24,RU,2022-02-05 22:21:30-05:00
Aklavik,-135.0107,68.2191,-30.17,84.0,73.0,2.68,CA,2022-02-05 22:21:30-05:00
Carnarvon,113.6333,-24.8667,82.08,70.0,6.0,15.08,AU,2022-02-05 22:16:10-05:00
Urusha,122.9,54.05,8.92,61.0,74.0,4.29,RU,2022-02-05 22:21:31-05:00
Faanui,-151.75,-16.4833,79.81,76.0,18.0,19.19,PF,2022-02-05 22:19:02-05:00
Aksarka,67.7975,66.5606,-21.6,100.0,73.0,3.71,RU,2022-02-05 22:19:11-05:00
Río Gallegos,-69.2181,-51.6226,57.25,72.0,0.0,3.44,AR,2022-02-05 22:17:36-05:00
‘Ewa Beach,-158.0072,21.3156,80.55,61.0,75.0,8.99,US,2022-02-05 22:21:31-05:00
Katsuura,140.3,35.1333,42.91,30.0,31.0,8.37,JP,2022-02-05 22:21:32-05:00
New Norfolk,147.0587,-42.7826,76.66,35.0,0.0,1.99,AU,2022-02-05 22:21:32-05:00
Tura,90.2201,25.5198,57.34,72.0,0.0,2.46,IN,2022-02-05 22:21:32-05:00
Nome,-165.4064,64.5011,-2.13,65.0,0.0,5.75,US,2022-02-05 22:19:07-05:00
Kaitangata,169.8464,-46.2817,55.92,57.0,45.0,8.43,NZ,2022-02-05 22:11:54-05:00
Chapais,-74.8492,49.7834,-24.02,100.0,31.0,2.33,CA,2022-02-05 22:21:33-05:00
Kavaratti,72.642,10.5669,78.01,61.0,10.0,5.44,IN,2022-02-05 22:13:30-05:00
Longyearbyen,15.6401,78.2186,10.24,72.0,20.0,20.71,SJ,2022-02-05 22:13:05-05:00
Harper,-7.7169,4.375,78.49,87.0,39.0,5.19,LR,2022-02-05 22:22:33-05:00
Camaná,-72.7111,-16.6228,71.08,81.0,59.0,5.28,PE,2022-02-05 22:22:34-05:00
Jamestown,-79.2353,42.097,12.72,85.0,0.0,5.75,US,2022-02-05 22:18:47-05:00
Bethel,-73.414,41.3712,20.05,63.0,0.0,6.91,US,2022-02-05 22:22:34-05:00
Puerto Carreño,-67.4859,6.189,84.97,50.0,100.0,3.2,CO,2022-02-05 22:22:34-05:00
Aquidauana,-55.7872,-20.4711,74.61,96.0,100.0,3.15,BR,2022-02-05 22:22:35-05:00
Grindavik,-22.4338,63.8424,31.95,86.0,75.0,18.41,IS,2022-02-05 22:17:06-05:00
Qaanaaq,-69.3632,77.484,-0.94,96.0,100.0,2.91,GL,2022-02-05 22:22:35-05:00
Big Rapids,-85.4837,43.6981,21.27,66.0,100.0,10.36,US,2022-02-05 22:22:35-05:00
Nicoya,-85.452,10.1483,78.35,68.0,5.0,10.56,CR,2022-02-05 22:22:35-05:00
Lodwar,35.5973,3.1191,82.47,34.0,100.0,6.98,KE,2022-02-05 22:22:36-05:00
Tuatapere,167.6833,-46.1333,59.83,48.0,33.0,7.47,NZ,2022-02-05 22:17:50-05:00
Banes,-75.7186,20.9625,72.21,81.0,13.0,10.45,CU,2022-02-05 22:22:36-05:00
College,-147.8028,64.8569,10.8,82.0,100.0,4.61,US,2022-02-05 22:22:36-05:00
Montorio al Vomano,13.6383,42.5831,44.83,82.0,11.0,3.27,IT,2022-02-05 22:22:37-05:00
Faya,42.4509,18.3851,48.72,75.0,0.0,2.33,SA,2022-02-05 22:18:16-05:00
Jacareacanga,-57.7528,-6.2222,73.4,99.0,100.0,0.98,BR,2022-02-05 22:22:37-05:00
Ābyek,50.55,36.0667,31.6,77.0,63.0,5.44,IR,2022-02-05 22:22:37-05:00
Cidreira,-50.2056,-30.1811,73.71,89.0,86.0,4.92,BR,2022-02-05 22:22:38-05:00
Sumbe,13.8437,-11.2061,74.7,83.0,100.0,6.42,AO,2022-02-05 22:22:38-05:00
Ancud,-73.8203,-41.8697,55.42,86.0,83.0,2.59,CL,2022-02-05 22:22:38-05:00
Klaksvík,-6.589,62.2266,32.92,83.0,100.0,12.1,FO,2022-02-05 22:18:18-05:00
Clyde River,-68.5914,70.4692,-30.77,68.0,100.0,5.75,CA,2022-02-05 22:22:39-05:00
Benghazi,20.0667,32.1167,59.27,69.0,15.0,8.14,LY,2022-02-05 22:22:39-05:00
Sinnamary,-52.95,5.3833,76.57,89.0,100.0,9.17,GF,2022-02-05 22:20:21-05:00
Chui,-53.4616,-33.6971,63.03,92.0,21.0,8.32,UY,2022-02-05 22:16:45-05:00
Bilibino,166.4372,68.0546,-12.26,84.0,15.0,4.09,RU,2022-02-05 22:16:49-05:00
Fort Nelson,-122.7002,58.8053,16.72,97.0,100.0,2.01,CA,2022-02-05 22:22:40-05:00
Porosozero,32.727,62.7191,16.88,94.0,100.0,8.95,RU,2022-02-05 22:22:40-05:00
Hambantota,81.1185,6.1241,77.9,72.0,59.0,13.58,LK,2022-02-05 22:11:52-05:00
Kununurra,128.7333,-15.7667,84.18,79.0,75.0,11.5,AU,2022-02-05 22:22:40-05:00
Brae,-1.353,60.3964,39.11,55.0,88.0,33.8,GB,2022-02-05 22:22:40-05:00
Taksimo,114.8794,56.3444,-7.98,90.0,71.0,1.77,RU,2022-02-05 22:22:41-05:00
Bayanday,105.5139,53.0661,17.33,86.0,100.0,6.38,RU,2022-02-05 22:22:41-05:00
Russell,-85.1999,32.3502,38.8,82.0,0.0,5.06,US,2022-02-05 22:19:53-05:00
Forbes,148.0167,-33.3833,81.91,29.0,22.0,11.39,AU,2022-02-05 22:22:41-05:00
Sant Just Desvern,2.0757,41.386,53.55,81.0,75.0,4.0,ES,2022-02-05 22:22:17-05:00
Mormugao,73.8,15.4,71.06,67.0,36.0,3.4,IN,2022-02-05 22:22:42-05:00
Santa Maria,-53.8069,-29.6842,70.47,54.0,47.0,5.23,BR,2022-02-05 22:15:09-05:00
Acapulco de Juárez,-99.8901,16.8634,80.42,78.0,0.0,10.36,MX,2022-02-05 22:22:42-05:00
Chokurdakh,147.9167,70.6333,-31.79,100.0,100.0,2.15,RU,2022-02-05 22:22:42-05:00
Puerto Madryn,-65.0385,-42.7692,61.29,50.0,72.0,10.87,AR,2022-02-05 22:22:43-05:00
Khasan,130.6434,42.4308,17.67,47.0,4.0,20.51,RU,2022-02-05 22:12:51-05:00
Vaini,-175.2,-21.2,78.96,89.0,100.0,14.97,TO,2022-02-05 22:22:43-05:00
San Cristobal,-72.225,7.7669,69.98,92.0,35.0,1.88,VE,2022-02-05 22:14:19-05:00
Lebu,-73.65,-37.6167,58.01,84.0,0.0,16.4,CL,2022-02-05 22:22:43-05:00
Thompson,-97.8558,55.7435,-27.24,68.0,40.0,0.0,CA,2022-02-05 22:23:44-05:00
Manaus,-60.025,-3.1019,81.09,83.0,40.0,3.44,BR,2022-02-05 22:23:44-05:00
Port Blair,92.75,11.6667,84.24,74.0,40.0,5.75,IN,2022-02-05 22:23:44-05:00
Outlook,-107.0513,51.5001,13.69,93.0,50.0,7.49,CA,2022-02-05 22:23:44-05:00
Saskylakh,114.0833,71.9167,-30.35,100.0,97.0,3.02,RU,2022-02-05 22:23:45-05:00
Saint Paul Harbor,-152.4072,57.79,38.71,87.0,100.0,18.41,US,2022-02-05 22:23:45-05:00
Bengkulu,102.2655,-3.8004,74.26,93.0,100.0,11.41,ID,2022-02-05 22:23:45-05:00
Nelson Bay,152.15,-32.7167,77.95,60.0,69.0,5.01,AU,2022-02-05 22:17:33-05:00
Guerrero Negro,-114.0611,27.9769,60.76,55.0,0.0,13.04,MX,2022-02-05 22:23:46-05:00
Launceston,147.1667,-41.45,77.61,40.0,0.0,4.0,AU,2022-02-05 22:23:46-05:00
Luangwa,30.4167,-15.6167,70.59,98.0,100.0,5.37,ZM,2022-02-05 22:23:46-05:00
Basco,121.9702,20.4487,72.41,75.0,100.0,29.39,PH,2022-02-05 22:15:40-05:00
George,22.4617,-33.963,60.35,100.0,100.0,3.44,ZA,2022-02-05 22:23:47-05:00
Birjand,59.2211,32.8663,28.87,100.0,0.0,4.61,IR,2022-02-05 22:23:47-05:00
Arona,-16.681,28.0996,62.8,49.0,20.0,1.01,ES,2022-02-05 22:23:47-05:00
Tupik,119.9327,54.4253,0.46,81.0,71.0,2.75,RU,2022-02-05 22:23:48-05:00
Atar,-13.0499,20.5169,68.7,11.0,0.0,4.99,MR,2022-02-05 22:23:48-05:00
Port Elizabeth,25.5701,-33.918,68.09,88.0,20.0,14.97,ZA,2022-02-05 22:23:48-05:00
Gerede,32.1969,40.8008,17.67,77.0,66.0,4.88,TR,2022-02-05 22:23:49-05:00
Leningradskiy,178.4167,69.3833,-21.62,97.0,18.0,3.04,RU,2022-02-05 22:23:49-05:00
Taltal,-70.4833,-25.4,67.68,76.0,18.0,3.44,CL,2022-02-05 22:23:49-05:00
Husavik,-17.3389,66.0449,30.11,81.0,100.0,22.12,IS,2022-02-05 22:15:17-05:00
Isabela,121.9711,6.7085,87.85,67.0,94.0,10.8,PH,2022-02-05 22:23:14-05:00
George Town,100.3354,5.4112,85.93,70.0,20.0,1.99,MY,2022-02-05 22:13:55-05:00
Taoudenni,-3.9836,22.6783,66.13,12.0,99.0,9.91,ML,2022-02-05 22:23:50-05:00
Tiksi,128.8694,71.6872,-22.81,98.0,99.0,6.06,RU,2022-02-05 22:23:50-05:00
Cabedelo,-34.8339,-6.9811,77.67,73.0,59.0,9.1,BR,2022-02-05 22:23:50-05:00
Saint-Joseph,55.6167,-21.3667,79.18,80.0,100.0,14.34,RE,2022-02-05 22:19:42-05:00
Porto de Moz,-52.2383,-1.7483,73.76,98.0,100.0,2.28,BR,2022-02-05 22:23:51-05:00
Roald,6.1333,62.5833,38.34,87.0,95.0,28.77,NO,2022-02-05 22:23:51-05:00
New Delhi,77.2311,28.6128,50.16,100.0,3.0,0.0,IN,2022-02-05 22:19:10-05:00
Nzérékoré,-8.8179,7.7562,64.4,42.0,5.0,1.72,GN,2022-02-05 22:23:51-05:00
Vila,-8.1588,42.0304,38.34,82.0,5.0,4.07,PT,2022-02-05 22:23:52-05:00
Bukachacha,116.9167,52.9833,6.67,71.0,8.0,1.9,RU,2022-02-05 22:23:52-05:00
Vardø,31.1107,70.3705,26.92,79.0,100.0,28.05,NO,2022-02-05 22:14:41-05:00
Chumikan,135.315,54.7183,4.15,68.0,95.0,11.63,RU,2022-02-05 22:23:52-05:00
Teahupoo,-149.2667,-17.8333,80.56,75.0,52.0,19.82,PF,2022-02-05 22:23:53-05:00
Tokuyama,131.8167,34.05,40.68,41.0,17.0,18.9,JP,2022-02-05 22:23:53-05:00
Moerai,-151.3333,-22.4333,79.75,75.0,97.0,15.37,PF,2022-02-05 22:23:53-05:00
Bam,58.357,29.106,49.89,47.0,35.0,5.73,IR,2022-02-05 22:21:05-05:00
Palmer,-72.3287,42.1584,17.15,92.0,7.0,3.29,US,2022-02-05 22:23:40-05:00
Ferrol,-8.2369,43.4832,44.85,84.0,63.0,4.56,ES,2022-02-05 22:23:54-05:00
Maumere,122.2111,-8.6199,84.65,71.0,12.0,7.54,ID,2022-02-05 22:23:54-05:00
Saldanha,17.9442,-33.0117,60.85,71.0,52.0,5.75,ZA,2022-02-05 22:23:55-05:00
Siavonga,28.7088,-16.5382,72.19,86.0,100.0,7.07,ZM,2022-02-05 22:23:55-05:00
Lorengau,147.2712,-2.0226,82.89,76.0,100.0,9.51,PG,2022-02-05 22:24:55-05:00
Atlantic City,-74.4229,39.3643,24.98,60.0,0.0,5.75,US,2022-02-05 22:24:55-05:00
Timmins,-81.3331,48.4669,6.62,66.0,100.0,9.22,CA,2022-02-05 22:20:45-05:00
Altay,88.1167,47.8667,10.58,52.0,0.0,8.79,CN,2022-02-05 22:24:56-05:00
Itaqui,-56.5531,-29.1253,71.01,55.0,45.0,16.51,BR,2022-02-05 22:24:56-05:00
Coos Bay,-124.2179,43.3665,48.99,96.0,0.0,0.0,US,2022-02-05 22:24:56-05:00
Ternate,127.4,0.8,83.8,72.0,100.0,9.22,ID,2022-02-05 22:24:57-05:00
Upernavik,-56.1549,72.7868,-1.43,97.0,100.0,3.06,GL,2022-02-05 22:20:19-05:00
Aki,133.9,33.5,46.35,35.0,73.0,8.34,JP,2022-02-05 22:24:57-05:00
Margate,1.3862,51.3813,50.31,79.0,100.0,8.99,GB,2022-02-05 22:24:58-05:00
Kapaa,-159.319,22.0752,78.78,72.0,0.0,5.01,US,2022-02-05 22:24:58-05:00
Makakilo City,-158.0858,21.3469,79.12,62.0,75.0,5.75,US,2022-02-05 22:24:58-05:00
Jining,116.5814,35.405,38.21,25.0,100.0,2.64,CN,2022-02-05 22:24:59-05:00
Dikson,80.5464,73.5069,-21.37,100.0,98.0,4.21,RU,2022-02-05 22:24:59-05:00
Katobu,122.5276,-4.9408,88.7,56.0,66.0,6.85,ID,2022-02-05 22:24:59-05:00
Hong Kong,114.1577,22.2855,64.96,77.0,99.0,7.0,HK,2022-02-05 22:15:55-05:00
Araouane,-3.5265,18.9048,61.47,13.0,0.0,8.05,ML,2022-02-05 22:24:59-05:00
Dingle,122.6711,10.9995,82.44,68.0,99.0,20.09,PH,2022-02-05 22:20:25-05:00
Asău,26.4,46.4333,28.4,92.0,28.0,7.11,RO,2022-02-05 22:21:25-05:00
Isangel,169.2667,-19.55,81.95,85.0,83.0,16.55,VU,2022-02-05 22:14:28-05:00
Tougue,-11.6,11.4667,65.89,18.0,8.0,0.89,GN,2022-02-05 22:25:00-05:00
Eureka,-124.1637,40.8021,47.93,86.0,8.0,2.75,US,2022-02-05 22:20:39-05:00
Sussex,-74.6663,41.1834,18.41,69.0,0.0,0.0,US,2022-02-05 22:25:00-05:00
Tuktoyaktuk,-133.0374,69.4541,-31.0,75.0,0.0,9.22,CA,2022-02-05 22:24:43-05:00
Virginia,-77.4467,37.5481,29.34,60.0,0.0,4.0,US,2022-02-05 22:25:01-05:00
Tabas,56.9244,33.5959,43.43,60.0,0.0,2.86,IR,2022-02-05 22:25:01-05:00
Khani,42.9566,41.9563,22.57,85.0,99.0,4.83,GE,2022-02-05 22:25:01-05:00
Itaituba,-55.9836,-4.2761,73.54,99.0,100.0,0.47,BR,2022-02-05 22:25:02-05:00
Diffa,12.6113,13.3154,60.24,43.0,0.0,10.02,NE,2022-02-05 22:25:02-05:00
Uglovskoye,80.1942,51.3557,0.88,90.0,5.0,6.98,RU,2022-02-05 22:25:02-05:00
Sulangan,123.7228,11.1373,80.58,73.0,99.0,16.49,PH,2022-02-05 22:25:03-05:00
Ashland,-82.2665,40.8167,15.28,86.0,19.0,6.4,US,2022-02-05 22:20:24-05:00
Oyama,139.8,36.3,47.89,24.0,42.0,10.47,JP,2022-02-05 22:25:03-05:00
Arraial do Cabo,-42.0278,-22.9661,76.41,87.0,69.0,26.08,BR,2022-02-05 22:25:03-05:00
Icod de los Vinos,-16.7119,28.3724,67.44,47.0,3.0,8.77,ES,2022-02-05 22:25:04-05:00
Assiniboia,-105.9845,49.6334,17.42,86.0,99.0,20.71,CA,2022-02-05 22:25:04-05:00
Port Lincoln,135.8667,-34.7333,78.3,48.0,7.0,20.8,AU,2022-02-05 22:15:21-05:00
Tinqueux,3.9833,49.25,43.05,79.0,100.0,19.75,FR,2022-02-05 22:25:04-05:00
Gaoua,-3.2508,10.2992,70.83,17.0,2.0,5.21,BF,2022-02-05 22:25:05-05:00
Buchanan,-10.0467,5.8808,78.75,85.0,25.0,4.54,LR,2022-02-05 22:25:05-05:00
Riyadh,46.7219,24.6877,46.54,39.0,0.0,8.72,SA,2022-02-05 22:14:45-05:00
Lhokseumawe,97.1507,5.1801,82.04,74.0,75.0,5.99,ID,2022-02-05 22:25:05-05:00
Coleraine,-6.6667,55.1333,41.72,77.0,100.0,24.67,GB,2022-02-05 22:21:55-05:00
Bowen,148.2333,-20.0167,84.15,59.0,11.0,16.93,AU,2022-02-05 22:15:24-05:00
Pevek,170.3133,69.7008,-26.82,99.0,29.0,2.35,RU,2022-02-05 22:18:02-05:00
Krasnovishersk,57.082,60.4078,-2.85,99.0,45.0,3.51,RU,2022-02-05 22:26:06-05:00
Jālna,75.8833,19.8333,65.26,27.0,75.0,4.76,IN,2022-02-05 22:26:06-05:00
Lagoa,-27.9833,39.05,58.5,77.0,3.0,15.73,PT,2022-02-05 22:26:07-05:00
Caravelas,-39.2481,-17.7125,75.09,90.0,15.0,4.94,BR,2022-02-05 22:19:26-05:00
Kruisfontein,24.7314,-34.0033,65.88,94.0,24.0,9.55,ZA,2022-02-05 22:26:07-05:00
Pingzhuang,119.2889,42.0372,22.33,40.0,0.0,13.29,CN,2022-02-05 22:26:07-05:00
Jurm,70.8342,36.8648,39.11,81.0,99.0,4.45,AF,2022-02-05 22:26:08-05:00
Vila Velha,-40.2925,-20.3297,76.95,85.0,0.0,3.0,BR,2022-02-05 22:26:08-05:00
Zirándaro de los Chávez,-100.9833,18.45,79.07,43.0,0.0,4.07,MX,2022-02-05 22:21:17-05:00
Plyussa,29.3654,58.4308,24.53,95.0,89.0,5.39,RU,2022-02-05 22:26:08-05:00
Kavieng,150.7967,-2.5744,83.82,73.0,100.0,7.92,PG,2022-02-05 22:23:10-05:00
Smidovich,133.8167,48.6,-4.52,90.0,97.0,3.74,RU,2022-02-05 22:26:09-05:00
Dongli,116.8194,23.5656,60.78,63.0,20.0,6.71,CN,2022-02-05 22:26:09-05:00
Mulchén,-72.2333,-37.7167,63.34,53.0,3.0,6.8,CL,2022-02-05 22:26:09-05:00
Solntsevo,36.7499,51.4185,26.94,96.0,100.0,10.02,RU,2022-02-05 22:26:09-05:00
Iqaluit,-68.5145,63.7506,-33.07,68.0,40.0,3.44,CA,2022-02-05 22:26:10-05:00
Necochea,-58.7368,-38.5473,60.04,71.0,100.0,18.97,AR,2022-02-05 22:26:10-05:00
Puerto Ayora,-90.3518,-0.7393,75.54,92.0,36.0,3.0,EC,2022-02-05 22:22:45-05:00
Cody,-109.0565,44.5263,34.02,58.0,100.0,4.61,US,2022-02-05 22:26:10-05:00
Saint George,-113.5841,37.1041,49.35,29.0,0.0,3.0,US,2022-02-05 22:26:11-05:00
Poum,164.0167,-20.2333,79.54,89.0,100.0,14.05,NC,2022-02-05 22:21:19-05:00
Arlit,7.3853,18.7369,59.07,18.0,0.0,9.8,NE,2022-02-05 22:26:11-05:00
Bathsheba,-59.5167,13.2167,77.61,73.0,40.0,11.5,BB,2022-02-05 22:26:11-05:00
Kikwit,18.8162,-5.041,68.56,96.0,78.0,0.83,CD,2022-02-05 22:26:12-05:00
Krasnozavodsk,38.2167,56.45,3.27,99.0,100.0,8.01,RU,2022-02-05 22:26:12-05:00
Onega,38.1404,63.9061,7.74,88.0,67.0,13.33,RU,2022-02-05 22:26:12-05:00
Bairiki Village,172.9752,1.3292,87.8,70.0,20.0,11.5,KI,2022-02-05 22:26:13-05:00
Praia da Vitória,-27.0667,38.7333,57.45,94.0,75.0,16.62,PT,2022-02-05 22:26:13-05:00
Clarence Town,151.7833,-32.5833,76.6,55.0,54.0,12.1,AU,2022-02-05 22:26:13-05:00
Evensk,159.2333,61.95,16.43,49.0,34.0,16.67,RU,2022-02-05 22:26:13-05:00
Henties Bay,14.2845,-22.116,66.85,78.0,96.0,2.82,NA,2022-02-05 22:18:00-05:00
Santa Cruz de la Sierra,-63.1667,-17.8,69.26,100.0,100.0,10.36,BO,2022-02-05 22:23:32-05:00
Gubkinskiy,76.5026,64.434,-18.89,100.0,100.0,4.18,RU,2022-02-05 22:26:14-05:00
Tiznit Province,-9.5,29.5833,59.95,24.0,67.0,4.61,MA,2022-02-05 22:26:14-05:00
Coyhaique,-72.0662,-45.5752,55.35,76.0,0.0,3.44,CL,2022-02-05 22:26:09-05:00
Abnūb,31.1511,27.2696,47.95,66.0,0.0,5.39,EG,2022-02-05 22:17:28-05:00
Hamilton,-84.5333,39.1834,19.36,87.0,0.0,1.01,US,2022-02-05 22:12:56-05:00
Saint-Augustin,-58.6502,51.226,2.39,88.0,100.0,18.39,CA,2022-02-05 22:24:10-05:00
Airai,125.4092,-8.9266,73.54,65.0,62.0,2.8,TL,2022-02-05 22:12:32-05:00
Mannārakkāt,76.4667,10.9833,79.88,67.0,36.0,2.98,IN,2022-02-05 22:26:15-05:00
Ambanja,48.45,-13.6833,70.99,90.0,80.0,3.67,MG,2022-02-05 22:26:15-05:00
San Quintín,-115.95,30.4833,56.66,45.0,0.0,5.12,MX,2022-02-05 22:26:16-05:00
Chaoyang,120.4586,41.5703,26.42,47.0,0.0,11.92,CN,2022-02-05 22:26:16-05:00
Sibolga,98.7792,1.7427,80.11,80.0,100.0,2.51,ID,2022-02-05 22:26:16-05:00
San Policarpo,125.5072,12.1791,81.95,71.0,94.0,19.44,PH,2022-02-05 22:26:17-05:00
Gōtsuchō,132.2167,35.0,35.74,52.0,100.0,20.94,JP,2022-02-05 22:26:17-05:00
Ilulissat,-51.1,69.2167,3.22,51.0,100.0,13.8,GL,2022-02-05 22:27:17-05:00
Mar del Plata,-57.5575,-38.0023,61.88,75.0,100.0,3.0,AR,2022-02-05 22:27:17-05:00
Acajutla,-89.8275,13.5928,78.8,61.0,1.0,10.2,SV,2022-02-05 22:27:18-05:00
Visnes,5.2242,59.3556,39.09,87.0,40.0,21.85,NO,2022-02-05 22:27:18-05:00
Garissa,39.6401,-0.4536,74.98,80.0,100.0,4.54,KE,2022-02-05 22:27:18-05:00
Acaraú,-40.12,-2.8856,77.65,87.0,3.0,10.22,BR,2022-02-05 22:27:19-05:00
Guiglo,-7.4966,6.5456,71.44,96.0,0.0,2.39,CI,2022-02-05 22:27:19-05:00
Sitka,-135.33,57.0531,42.69,81.0,100.0,24.16,US,2022-02-05 22:27:19-05:00
Wamba,8.6,8.9333,67.69,24.0,0.0,3.83,NG,2022-02-05 22:27:20-05:00
Port Alberni,-124.8028,49.2413,44.91,96.0,100.0,1.21,CA,2022-02-05 22:27:20-05:00
Plettenberg Bay,23.3716,-34.0527,66.85,80.0,0.0,7.47,ZA,2022-02-05 22:27:20-05:00
Álamos,-108.9333,27.0167,56.71,43.0,0.0,3.04,MX,2022-02-05 22:27:20-05:00
Phang Nga,98.5298,8.4509,88.83,60.0,81.0,4.76,TH,2022-02-05 22:27:21-05:00
Arrondissement de Limoges,1.3333,45.75,34.36,100.0,100.0,3.44,FR,2022-02-05 22:27:21-05:00
Pochutla,-96.4661,15.7432,76.05,68.0,4.0,2.71,MX,2022-02-05 22:27:21-05:00
Byron Bay,153.6167,-28.65,81.05,61.0,86.0,20.8,AU,2022-02-05 22:26:51-05:00
Bolitoc,119.8769,15.7395,82.98,55.0,14.0,3.87,PH,2022-02-05 22:27:22-05:00
Kovernino,43.8142,57.1253,-2.06,100.0,100.0,3.27,RU,2022-02-05 22:27:22-05:00
Tulsīpur,82.2973,28.131,47.07,64.0,0.0,1.36,NP,2022-02-05 22:27:22-05:00
Quatre Cocos,57.7625,-20.2078,81.09,80.0,100.0,14.18,MU,2022-02-05 22:19:16-05:00
Atambua,124.8925,-9.1061,82.63,67.0,23.0,5.7,ID,2022-02-05 22:27:23-05:00
Xining,101.7667,36.6167,13.66,77.0,100.0,3.8,CN,2022-02-05 22:27:23-05:00
Gladstone,151.25,-23.85,84.13,45.0,100.0,16.11,AU,2022-02-05 22:24:59-05:00
Norton,30.7,-17.8833,57.7,95.0,87.0,6.71,ZW,2022-02-05 22:27:23-05:00
Biak,122.8766,-0.9131,83.59,69.0,69.0,2.46,ID,2022-02-05 22:21:56-05:00
Coxim,-54.76,-18.5067,75.85,88.0,100.0,2.01,BR,2022-02-05 22:27:24-05:00
Mokobeng,27.6678,-22.9965,65.75,76.0,62.0,7.05,BW,2022-02-05 22:27:24-05:00
Falkenberg,12.4912,56.9055,41.97,95.0,100.0,16.37,SE,2022-02-05 22:27:24-05:00
Rāmgarh,85.5167,23.6333,57.25,53.0,5.0,5.17,IN,2022-02-05 22:27:25-05:00
Huarmey,-78.1522,-10.0681,70.63,84.0,78.0,8.25,PE,2022-02-05 22:21:48-05:00
Lázaro Cárdenas,-102.2,17.9583,73.94,77.0,0.0,5.12,MX,2022-02-05 22:27:25-05:00
Manacapuru,-60.6206,-3.2997,77.58,91.0,94.0,2.3,BR,2022-02-05 22:25:57-05:00
Severo-Kuril'sk,156.125,50.6789,29.97,81.0,92.0,13.56,RU,2022-02-05 22:23:31-05:00
Iporá,-51.1178,-16.4419,70.97,89.0,100.0,3.38,BR,2022-02-05 22:26:49-05:00
Nsanje,35.262,-16.92,69.85,97.0,22.0,1.25,MW,2022-02-05 22:19:47-05:00
Apac,32.5386,1.9756,67.82,71.0,100.0,3.74,UG,2022-02-05 22:27:14-05:00
Ostrovnoy,39.5131,68.0531,14.65,83.0,100.0,28.36,RU,2022-02-05 22:18:28-05:00
San Rafael,-68.3301,-34.6177,60.28,61.0,5.0,6.15,AR,2022-02-05 22:27:26-05:00
São Filipe,-24.4956,14.8961,72.75,73.0,0.0,11.39,CV,2022-02-05 22:19:32-05:00
Lata,-8.3327,40.1629,48.06,71.0,0.0,5.68,PT,2022-02-05 22:27:26-05:00
Bac Lieu,105.7244,9.285,85.06,54.0,21.0,15.66,VN,2022-02-05 22:27:27-05:00
Yumen,97.2,40.2833,15.82,64.0,100.0,17.78,CN,2022-02-05 22:20:53-05:00
Ponta do Sol,-17.1,32.6667,67.12,51.0,53.0,12.95,PT,2022-02-05 22:27:27-05:00
Pāchora,75.35,20.6667,67.84,25.0,54.0,5.03,IN,2022-02-05 22:27:27-05:00
Itacoatiara,-58.4442,-3.1431,73.33,98.0,100.0,0.58,BR,2022-02-05 22:27:28-05:00
Oranjemund,16.4333,-28.55,67.33,78.0,96.0,3.13,NA,2022-02-05 22:28:28-05:00
Mujiayingzi,118.7833,42.1167,19.47,46.0,0.0,11.83,CN,2022-02-05 22:28:28-05:00
Ascension,-90.9001,30.2169,39.2,81.0,0.0,0.0,US,2022-02-05 22:28:28-05:00
Esperance,121.9,-33.8667,96.64,33.0,0.0,11.41,AU,2022-02-05 22:28:27-05:00
Fort Morgan,-103.8,40.2503,36.25,48.0,40.0,19.57,US,2022-02-05 22:25:42-05:00
Ouadda,22.4007,8.0777,68.47,18.0,100.0,8.23,CF,2022-02-05 22:28:29-05:00
Sola,167.55,-13.8833,84.87,84.0,100.0,3.44,VU,2022-02-05 22:28:29-05:00
Koumac,164.2833,-20.5667,78.13,90.0,100.0,4.88,NC,2022-02-05 22:28:29-05:00
Khandagayty,92.05,50.7333,-17.27,99.0,100.0,2.48,RU,2022-02-05 22:28:30-05:00
Brattleboro,-72.5579,42.8509,13.33,96.0,13.0,3.91,US,2022-02-05 22:27:38-05:00
Okhotsk,143.3,59.3833,2.28,69.0,45.0,14.14,RU,2022-02-05 22:28:30-05:00
Broome,-75.833,42.2506,6.17,68.0,19.0,1.99,US,2022-02-05 22:28:31-05:00
Gumdag,54.5906,39.2061,39.24,65.0,100.0,14.2,TM,2022-02-05 22:28:31-05:00
Nemuro,145.575,43.3236,27.03,66.0,98.0,21.72,JP,2022-02-05 22:28:31-05:00
Chepareria,35.2039,1.3077,60.69,62.0,100.0,4.63,KE,2022-02-05 22:28:31-05:00
Gwadar,62.3254,25.1216,71.06,74.0,4.0,7.47,PK,2022-02-05 22:28:32-05:00
Yar-Sale,70.8333,66.8333,-16.22,100.0,85.0,3.83,RU,2022-02-05 22:28:32-05:00
Dengzhou,120.7508,37.8086,33.98,44.0,68.0,10.09,CN,2022-02-05 22:28:32-05:00
Hirado,129.5531,33.3597,43.39,52.0,54.0,16.98,JP,2022-02-05 22:28:33-05:00
Rocha,-54.3333,-34.4833,63.77,87.0,76.0,8.14,UY,2022-02-05 22:28:33-05:00
Darhan,105.9228,49.4867,1.33,85.0,30.0,6.02,MN,2022-02-05 22:28:33-05:00
Whitley Bay,-1.4471,55.0397,44.1,81.0,40.0,18.41,GB,2022-02-05 22:28:33-05:00
Zheleznodorozhnyy,38.0042,55.7503,16.21,96.0,96.0,6.8,RU,2022-02-05 22:28:34-05:00
Shubarkuduk,56.4872,49.1447,26.06,98.0,100.0,4.21,KZ,2022-02-05 22:28:34-05:00
Santiago del Estero,-64.2615,-27.7951,70.68,55.0,100.0,12.33,AR,2022-02-05 22:27:30-05:00
Gunjur,-16.7339,13.2019,68.07,73.0,0.0,5.75,GM,2022-02-05 22:28:34-05:00
Talnakh,88.3972,69.4865,-16.65,100.0,100.0,2.84,RU,2022-02-05 22:28:35-05:00
Bulgan,103.5347,48.8125,5.97,73.0,14.0,2.62,MN,2022-02-05 22:28:35-05:00
Novi Banovci,20.2819,44.9547,37.51,85.0,0.0,3.44,RS,2022-02-05 22:28:35-05:00
Humberto de Campos,-43.4611,-2.5983,76.08,92.0,100.0,5.53,BR,2022-02-05 22:28:36-05:00
Provideniya,-173.3,64.3833,-2.67,78.0,0.0,12.41,RU,2022-02-05 22:28:36-05:00
Coahuayana Viejo,-103.6833,18.7333,69.06,87.0,4.0,4.25,MX,2022-02-05 22:28:36-05:00
Naryan-Mar,53.087,67.6713,3.56,92.0,100.0,12.24,RU,2022-02-05 22:21:53-05:00
Asaba,6.7338,6.2006,71.67,64.0,35.0,2.77,NG,2022-02-05 22:28:37-05:00
Adzopé,-3.8619,6.1069,73.47,95.0,31.0,1.41,CI,2022-02-05 22:28:37-05:00
Puerto Palomas,-107.6167,31.7667,34.93,29.0,0.0,2.59,MX,2022-02-05 22:28:37-05:00
Meulaboh,96.1285,4.1363,81.34,70.0,92.0,5.37,ID,2022-02-05 22:28:37-05:00
Rørvik,11.2373,64.8621,33.15,81.0,100.0,18.23,NO,2022-02-05 22:28:38-05:00
La Ronge,-105.2842,55.1001,-3.75,71.0,100.0,2.3,CA,2022-02-05 22:28:38-05:00
Pangnirtung,-65.7125,66.1451,-33.32,95.0,100.0,5.57,CA,2022-02-05 22:19:21-05:00
Honiara,159.95,-9.4333,86.81,69.0,81.0,8.08,SB,2022-02-05 22:27:54-05:00
Guaymas,-110.9,27.9333,58.46,52.0,0.0,8.61,MX,2022-02-05 22:28:38-05:00
Ca Mau,105.15,9.1769,87.31,47.0,17.0,9.4,VN,2022-02-05 22:28:39-05:00
Torres,-49.7269,-29.3353,74.82,92.0,100.0,2.08,BR,2022-02-05 22:28:39-05:00
Ghorāwal,82.7833,24.7667,55.56,54.0,0.0,4.99,IN,2022-02-05 22:28:39-05:00
Tonantins,-67.8022,-2.8731,70.36,99.0,90.0,2.35,BR,2022-02-05 22:28:40-05:00
Walvis Bay,14.5053,-22.9575,67.15,88.0,96.0,3.44,NA,2022-02-05 22:28:40-05:00
Ondangwa,15.95,-17.9167,69.8,83.0,100.0,2.3,NA,2022-02-05 22:29:40-05:00
Cockburn Town,-71.1419,21.4612,76.08,68.0,0.0,18.25,TC,2022-02-05 22:20:31-05:00
Sioux Lookout,-91.917,50.1001,7.18,85.0,100.0,6.91,CA,2022-02-05 22:29:41-05:00
Maniitsoq,-52.9,65.4167,3.87,94.0,100.0,3.78,GL,2022-02-05 22:29:41-05:00
Karasjok,25.5112,69.4719,26.71,92.0,100.0,16.84,NO,2022-02-05 22:29:41-05:00
Puerto Princesa City,118.7353,9.7392,80.04,82.0,77.0,16.24,PH,2022-02-05 22:29:41-05:00
Beloha,45.05,-25.1667,74.12,91.0,100.0,21.9,MG,2022-02-05 22:29:42-05:00
Leh,77.5833,34.1667,2.5,78.0,100.0,3.18,IN,2022-02-05 22:29:42-05:00
Pingliang,106.6861,35.5392,18.86,92.0,100.0,3.24,CN,2022-02-05 22:29:42-05:00
Zhaotong,103.7167,27.3167,31.46,94.0,100.0,6.58,CN,2022-02-05 22:29:43-05:00
Mehamn,27.8492,71.0357,21.88,87.0,82.0,18.25,NO,2022-02-05 22:29:43-05:00
Sur,59.5289,22.5667,70.45,44.0,0.0,7.29,OM,2022-02-05 22:21:49-05:00
Kajansi,32.5222,0.2081,64.36,88.0,100.0,3.31,UG,2022-02-05 22:29:43-05:00
Tadine,167.8833,-21.55,83.88,78.0,34.0,11.45,NC,2022-02-05 22:29:44-05:00
Iquique,-70.1431,-20.2208,66.24,81.0,33.0,1.3,CL,2022-02-05 22:29:44-05:00
Road Town,-64.6167,18.4167,72.0,78.0,91.0,21.32,VG,2022-02-05 22:29:44-05:00
Te Anau,167.7167,-45.4167,65.79,39.0,1.0,5.55,NZ,2022-02-05 22:29:45-05:00
Santa Marta,-74.199,11.2408,81.9,63.0,5.0,18.99,CO,2022-02-05 22:29:45-05:00
Lebanon,-86.2911,36.2081,29.97,82.0,0.0,0.0,US,2022-02-05 22:29:45-05:00
Ipameri,-48.1597,-17.7219,69.21,90.0,100.0,0.27,BR,2022-02-05 22:29:45-05:00
Polokwane,29.4688,-23.9045,59.85,77.0,9.0,3.44,ZA,2022-02-05 22:29:46-05:00
Vila Franca do Campo,-25.4333,37.7167,60.19,87.0,80.0,14.05,PT,2022-02-05 22:29:46-05:00
Millinocket,-68.7098,45.6573,4.91,66.0,0.0,8.05,US,2022-02-05 22:29:46-05:00
Cedar Rapids,-91.6441,42.0083,29.03,69.0,0.0,1.99,US,2022-02-05 22:27:32-05:00
Virginia Beach,-75.978,36.8529,34.02,61.0,0.0,5.99,US,2022-02-05 22:25:43-05:00
Sarangani,125.4636,5.4033,81.72,77.0,78.0,28.23,PH,2022-02-05 22:29:47-05:00
Rokytne,27.214,51.2796,31.3,91.0,88.0,12.21,UA,2022-02-05 22:29:47-05:00
Zhezkazgan,67.7144,47.8043,8.58,72.0,100.0,17.9,KZ,2022-02-05 22:29:47-05:00
Anshun,105.9333,26.25,41.25,96.0,100.0,10.42,CN,2022-02-05 22:29:48-05:00
Requena,-1.1004,39.4883,42.78,83.0,100.0,2.8,ES,2022-02-05 22:29:48-05:00
Dali,100.1833,25.7,48.6,74.0,75.0,10.63,CN,2022-02-05 22:29:48-05:00
Santa Vitória do Palmar,-53.3681,-33.5189,63.55,92.0,42.0,8.57,BR,2022-02-05 22:29:48-05:00
Malanje,16.341,-9.5402,61.11,98.0,89.0,3.18,AO,2022-02-05 22:29:49-05:00
Comodoro Rivadavia,-67.5,-45.8667,62.46,63.0,0.0,4.61,AR,2022-02-05 22:20:35-05:00
Kenai,-151.2583,60.5544,28.45,89.0,100.0,16.11,US,2022-02-05 22:29:49-05:00
Weihe,105.3247,32.9952,30.78,86.0,100.0,4.12,CN,2022-02-05 22:29:49-05:00
Riachão das Neves,-44.91,-11.7461,69.28,94.0,82.0,1.28,BR,2022-02-05 22:29:50-05:00
Shihezi,86.0333,44.3,4.66,91.0,92.0,3.2,CN,2022-02-05 22:29:50-05:00
Kochi,76.2602,9.9399,76.98,67.0,44.0,2.35,IN,2022-02-05 22:29:50-05:00
Kaka,59.6143,37.3482,41.94,76.0,100.0,9.15,TM,2022-02-05 22:29:50-05:00
Sinazongwe,27.4618,-17.2614,72.09,85.0,100.0,5.53,ZM,2022-02-05 22:29:51-05:00
Abhā,42.5053,18.2164,48.45,76.0,0.0,0.0,SA,2022-02-05 22:29:51-05:00
Pine Bluff,-92.0032,34.2284,32.11,89.0,0.0,0.0,US,2022-02-05 22:29:51-05:00
Kalevala,31.1667,65.2,19.56,94.0,100.0,9.13,RU,2022-02-05 22:29:52-05:00
Nago,127.9761,26.5881,63.45,62.0,90.0,12.64,JP,2022-02-05 22:29:52-05:00
Boyolangu,111.8935,-8.1181,86.05,64.0,15.0,2.57,ID,2022-02-05 22:29:52-05:00
Krasnosel'kup,82.4667,65.7,-7.87,99.0,94.0,4.34,RU,2022-02-05 22:29:53-05:00
Aswān,32.907,24.0934,49.1,58.0,0.0,9.91,EG,2022-02-05 22:29:53-05:00
Lashio,97.75,22.9333,66.69,56.0,7.0,6.13,MM,2022-02-05 22:30:53-05:00
Tezu,96.1667,27.9167,62.87,66.0,61.0,3.69,IN,2022-02-05 22:30:54-05:00
Ayan,138.1667,56.45,-0.58,64.0,2.0,9.13,RU,2022-02-05 22:30:54-05:00
Costa Rica,-54.65,-23.4167,68.76,96.0,100.0,3.74,BR,2022-02-05 22:30:54-05:00
Celestún,-90.4,20.8667,71.73,77.0,81.0,16.2,MX,2022-02-05 22:30:55-05:00
Kinsale,-8.5306,51.7075,49.37,87.0,75.0,25.32,IE,2022-02-05 22:30:55-05:00
Half Moon Bay,-122.4286,37.4636,57.83,60.0,0.0,0.0,US,2022-02-05 22:30:55-05:00
Kulhudhuffushi,73.07,6.6221,80.64,64.0,83.0,6.98,MV,2022-02-05 22:30:56-05:00
Le Port,55.2919,-20.9373,80.6,78.0,100.0,15.1,RE,2022-02-05 22:30:57-05:00
Gizo Government Station,156.8419,-8.103,86.31,69.0,100.0,10.89,SB,2022-02-05 22:30:57-05:00
Port-Gentil,8.7815,-0.7193,78.8,82.0,15.0,9.6,GA,2022-02-05 22:21:17-05:00
Pahrump,-115.9839,36.2083,57.06,21.0,41.0,5.12,US,2022-02-05 22:30:58-05:00
Halifax,-63.5724,44.6453,16.09,82.0,41.0,5.99,CA,2022-02-05 22:30:58-05:00
Mikumi,36.9831,-7.4041,70.36,79.0,100.0,2.82,TZ,2022-02-05 22:30:58-05:00
Ouésso,16.0517,1.6136,66.42,29.0,98.0,1.9,CG,2022-02-05 22:30:59-05:00
Sakakah,40.2064,29.9697,40.57,81.0,4.0,4.92,SA,2022-02-05 22:30:59-05:00
Saint Anthony,-93.218,45.0205,27.09,75.0,0.0,0.0,US,2022-02-05 22:30:59-05:00
Wakkanai,141.6739,45.4094,24.78,63.0,75.0,25.32,JP,2022-02-05 22:30:59-05:00
Kotra,79.3167,25.8167,59.23,52.0,0.0,3.94,IN,2022-02-05 22:31:00-05:00
Mahon,4.2658,39.8885,50.56,81.0,0.0,10.36,ES,2022-02-05 22:31:01-05:00
Mirzāpur,82.5833,25.15,49.96,51.0,0.0,5.44,IN,2022-02-05 22:31:01-05:00
Yulara,130.9889,-25.2406,87.64,18.0,0.0,6.91,AU,2022-02-05 22:31:01-05:00
Touros,-35.4608,-5.1989,77.9,72.0,35.0,9.4,BR,2022-02-05 22:31:02-05:00
Praia,-23.5087,14.9215,70.34,78.0,0.0,14.97,CV,2022-02-05 22:27:42-05:00
Koslan,48.8989,63.4564,-1.39,98.0,18.0,6.93,RU,2022-02-05 22:31:02-05:00
Nuuk,-51.7216,64.1835,7.41,85.0,100.0,6.91,GL,2022-02-05 22:21:08-05:00
Taunggyi,97.0333,20.7833,66.87,35.0,9.0,13.02,MM,2022-02-05 22:31:03-05:00
Finnsnes,17.9811,69.2296,35.56,84.0,99.0,6.69,NO,2022-02-05 22:31:03-05:00
San Carlos,-68.5827,9.6612,77.68,64.0,93.0,4.07,VE,2022-02-05 22:27:31-05:00
Tete,33.5867,-16.1564,69.44,97.0,11.0,1.79,MZ,2022-02-05 22:31:03-05:00
Aransas Pass,-97.15,27.9095,44.98,78.0,0.0,1.99,US,2022-02-05 22:31:04-05:00
Batagay-Alyta,130.4114,67.8006,-17.88,97.0,100.0,1.74,RU,2022-02-05 22:31:04-05:00
Vao,167.4833,-22.6667,80.73,84.0,30.0,10.36,NC,2022-02-05 22:31:04-05:00
Patacamaya,-67.9167,-17.2333,46.11,84.0,79.0,7.74,BO,2022-02-05 22:31:05-05:00
Waingapu,120.2641,-9.6567,86.56,65.0,80.0,11.97,ID,2022-02-05 22:31:05-05:00
Barcelos,-8.6151,41.5388,50.14,78.0,3.0,5.5,PT,2022-02-05 22:31:05-05:00
Summerville,-80.1757,33.0185,46.18,54.0,75.0,1.01,US,2022-02-05 22:31:06-05:00
Gemeente Tubbergen,6.7667,52.4,46.96,94.0,100.0,26.89,NL,2022-02-05 22:31:07-05:00
Beringovskiy,179.3167,63.05,-11.51,94.0,71.0,12.66,RU,2022-02-05 22:31:07-05:00
Esim,-2.2405,4.8699,78.53,87.0,17.0,5.61,GH,2022-02-05 22:31:08-05:00
Timizart,4.2667,36.8,48.15,87.0,100.0,7.81,DZ,2022-02-05 22:31:08-05:00
Banyo,11.8167,6.75,62.13,26.0,0.0,2.3,CM,2022-02-05 22:31:08-05:00
Scarborough,-0.4044,54.2797,44.65,86.0,79.0,4.0,GB,2022-02-05 22:30:21-05:00
Limbang,115.0,4.75,88.11,58.0,100.0,4.38,MY,2022-02-05 22:31:09-05:00
Lobito,13.5456,-12.3481,74.66,74.0,100.0,1.68,AO,2022-02-05 22:31:09-05:00
Shimoda,138.95,34.6667,46.76,44.0,22.0,27.31,JP,2022-02-05 22:31:09-05:00
Umm Hājar,19.6966,13.2954,61.3,21.0,64.0,9.17,TD,2022-02-05 22:32:10-05:00
Pedro II,-41.4586,-4.4247,68.04,92.0,57.0,1.92,BR,2022-02-05 22:32:10-05:00
Bursa,29.0833,40.1667,19.44,61.0,81.0,2.3,TR,2022-02-05 22:32:10-05:00
New Lenox,-87.9656,41.512,17.46,76.0,0.0,7.0,US,2022-02-05 22:32:11-05:00
Artyom,50.333,40.4723,37.54,58.0,84.0,9.66,AZ,2022-02-05 22:32:11-05:00
Souillac,57.5167,-20.5167,81.36,83.0,75.0,12.66,MU,2022-02-05 22:32:11-05:00
Ampanihy,44.75,-24.7,74.93,85.0,100.0,24.4,MG,2022-02-05 22:32:12-05:00
Maunabo,-65.8993,18.0072,73.71,90.0,100.0,11.41,PR,2022-02-05 22:32:12-05:00
Heraclea,34.0467,37.5133,23.94,65.0,3.0,3.24,TR,2022-02-05 22:32:13-05:00
Karratha,116.8463,-20.7377,93.36,50.0,49.0,16.37,AU,2022-02-05 22:32:13-05:00
Katangli,143.2326,51.7102,9.3,81.0,100.0,18.68,RU,2022-02-05 22:32:13-05:00
Muros,-9.0603,42.7762,46.24,80.0,46.0,9.66,ES,2022-02-05 22:32:14-05:00
Ossora,163.0719,59.2353,14.95,80.0,100.0,13.02,RU,2022-02-05 22:32:14-05:00
Arawa,155.5367,-6.2132,88.12,65.0,35.0,7.58,PG,2022-02-05 22:32:14-05:00
Ishinomaki,141.3,38.4167,37.4,50.0,20.0,26.75,JP,2022-02-05 22:32:14-05:00
Dakar,-17.4441,14.6937,69.93,94.0,0.0,9.22,SN,2022-02-05 22:32:15-05:00
Krasnogorsk,37.3181,55.8225,16.05,86.0,40.0,8.95,RU,2022-02-05 22:32:15-05:00
Autun,4.3,46.95,34.23,96.0,64.0,4.32,FR,2022-02-05 22:32:16-05:00
Tegul'det,88.1667,57.3064,14.09,89.0,100.0,5.37,RU,2022-02-05 22:32:16-05:00
São João da Barra,-41.0511,-21.6403,76.24,86.0,1.0,20.0,BR,2022-02-05 22:32:16-05:00
Laas,10.7002,46.6166,35.06,40.0,6.0,3.29,IT,2022-02-05 22:32:17-05:00
Mutatá,-76.4356,7.2441,70.16,95.0,7.0,3.09,CO,2022-02-05 22:32:17-05:00
Mapiripán,-72.1256,2.8892,73.76,85.0,62.0,2.08,CO,2022-02-05 22:32:17-05:00
Mossamedes,12.1522,-15.1961,71.56,68.0,92.0,8.05,AO,2022-02-05 22:32:18-05:00
Avera,-82.5271,33.194,41.72,44.0,0.0,11.9,US,2022-02-05 22:32:18-05:00
Bintulu,113.0333,3.1667,84.61,83.0,20.0,3.0,MY,2022-02-05 22:32:18-05:00
Auki,160.7034,-8.7676,84.7,73.0,67.0,8.9,SB,2022-02-05 22:32:19-05:00
Preobrazheniye,133.9064,42.9019,17.37,39.0,2.0,5.61,RU,2022-02-05 22:32:19-05:00
Kudahuvadhoo,72.8944,2.6708,81.37,69.0,6.0,7.72,MV,2022-02-05 22:32:19-05:00
Corinth,22.9573,37.9407,51.69,83.0,70.0,1.25,GR,2022-02-05 22:31:26-05:00
Great Yarmouth,1.7305,52.6083,50.25,81.0,100.0,26.06,GB,2022-02-05 22:32:20-05:00
Balkhash,74.9804,46.844,11.01,72.0,0.0,20.13,KZ,2022-02-05 22:32:20-05:00
Astorga,-51.6656,-23.2325,73.8,95.0,100.0,6.91,BR,2022-02-05 22:32:21-05:00
Kondinskoye,67.41,59.6481,13.48,97.0,100.0,4.52,RU,2022-02-05 22:32:21-05:00
Marsá Maţrūḩ,27.2453,31.3525,48.4,81.0,20.0,9.22,EG,2022-02-05 22:32:21-05:00
Nabire,135.4833,-3.3667,86.02,64.0,100.0,7.16,ID,2022-02-05 22:32:21-05:00
Empório,21.55,40.4833,39.99,86.0,100.0,3.4,GR,2022-02-05 22:32:22-05:00
Hammerfest,23.6821,70.6634,30.65,69.0,58.0,17.27,NO,2022-02-05 22:32:22-05:00
Abū Zabad,29.25,12.35,55.87,27.0,80.0,17.78,SD,2022-02-05 22:32:22-05:00
Mahébourg,57.7,-20.4081,81.25,83.0,75.0,12.66,MU,2022-02-05 22:32:23-05:00
Miajadas,-5.9084,39.1513,44.78,75.0,0.0,3.69,ES,2022-02-05 22:32:24-05:00
Casper,-106.3131,42.8666,31.8,59.0,20.0,1.99,US,2022-02-05 22:30:27-05:00
Del Rio,-100.8968,29.3627,48.31,37.0,0.0,10.36,US,2022-02-05 22:32:24-05:00
Mezen',44.24,65.8522,4.64,90.0,73.0,10.74,RU,2022-02-05 22:32:24-05:00
Bytosh',34.0912,53.8186,30.36,94.0,98.0,10.25,RU,2022-02-05 22:32:25-05:00
Naifaru,73.3657,5.4444,81.07,64.0,86.0,7.14,MV,2022-02-05 22:32:25-05:00
Pisco,-76.2167,-13.7,68.05,88.0,0.0,4.61,PE,2022-02-05 22:32:25-05:00
Parczew,22.9006,51.6402,34.41,84.0,87.0,14.47,PL,2022-02-05 22:32:26-05:00
At-Bashi,75.8106,41.1702,12.96,67.0,92.0,1.63,KG,2022-02-05 22:33:26-05:00
Desaguadero,-69.0417,-16.5656,48.72,69.0,85.0,4.99,PE,2022-02-05 22:33:26-05:00
Kaeo,173.7833,-35.1,75.33,94.0,100.0,3.29,NZ,2022-02-05 22:33:27-05:00
Turukhansk,87.9833,65.8167,-13.05,99.0,99.0,1.1,RU,2022-02-05 22:33:27-05:00
Mainit,125.5231,9.535,82.2,74.0,85.0,10.31,PH,2022-02-05 22:33:27-05:00
Maués,-57.7186,-3.3836,72.99,98.0,100.0,0.81,BR,2022-02-05 22:33:28-05:00
Ayna,-73.9167,-12.65,60.42,98.0,99.0,0.56,PE,2022-02-05 22:33:28-05:00
Ambilobe,49.05,-13.2,74.34,91.0,99.0,2.98,MG,2022-02-05 22:33:29-05:00
Cayenne,-52.3333,4.9333,80.1,85.0,100.0,5.01,GF,2022-02-05 22:30:47-05:00
Nikol'sk,46.0712,53.7189,2.25,99.0,99.0,4.85,RU,2022-02-05 22:33:29-05:00
Panji,114.0995,-7.7253,86.02,68.0,45.0,6.04,ID,2022-02-05 22:33:29-05:00
East Chicago,-87.4548,41.6392,17.76,69.0,0.0,12.66,US,2022-02-05 22:28:53-05:00
Yüksekova,44.2872,37.5736,16.43,98.0,100.0,2.1,TR,2022-02-05 22:33:30-05:00
Puerto del Rosario,-13.8627,28.5004,64.08,94.0,0.0,10.36,ES,2022-02-05 22:33:30-05:00
Saint-François,3.9054,46.4154,37.42,86.0,0.0,6.91,FR,2022-02-05 22:33:30-05:00
Camacha,-16.3333,33.0833,62.53,82.0,40.0,24.16,PT,2022-02-05 22:33:31-05:00
Etchoropo,-109.6667,26.7667,60.42,64.0,0.0,7.87,MX,2022-02-05 22:33:31-05:00
Aasiaat,-52.8699,68.7098,-10.98,92.0,100.0,7.07,GL,2022-02-05 22:33:31-05:00
Perth,115.8333,-31.9333,82.67,62.0,32.0,5.75,AU,2022-02-05 22:31:19-05:00
Kumul,93.45,42.8,30.56,23.0,100.0,11.32,CN,2022-02-05 22:33:32-05:00
Hualmay,-77.6139,-11.0964,69.69,83.0,100.0,8.1,PE,2022-02-05 22:31:00-05:00
Sambava,50.1667,-14.2667,76.1,82.0,73.0,3.76,MG,2022-02-05 22:33:32-05:00
Wajir,40.0573,1.7471,73.22,81.0,40.0,11.63,KE,2022-02-05 22:33:32-05:00
Portland,-122.6762,45.5234,46.85,86.0,0.0,1.01,US,2022-02-05 22:27:49-05:00
Natchitoches,-93.1335,31.7668,32.68,93.0,0.0,0.0,US,2022-02-05 22:33:32-05:00
Santa Lucía,-15.5407,27.9117,63.77,32.0,0.0,4.61,ES,2022-02-05 22:33:33-05:00
Hof,11.9167,50.3167,38.44,81.0,100.0,17.27,DE,2022-02-05 22:33:33-05:00
Kautokeino,23.0412,69.0125,22.68,92.0,99.0,20.24,NO,2022-02-05 22:33:33-05:00
Bagdarin,113.6,54.4333,4.33,75.0,59.0,2.06,RU,2022-02-05 22:33:34-05:00
Morgan City,-91.2068,29.6994,37.4,93.0,0.0,0.0,US,2022-02-05 22:33:34-05:00
Buala,159.5921,-8.145,86.27,71.0,90.0,8.97,SB,2022-02-05 22:33:34-05:00
Trat,102.5,12.5,86.2,45.0,58.0,15.23,TH,2022-02-05 22:33:35-05:00
Uvira,29.1458,-3.4067,71.02,78.0,97.0,2.06,CD,2022-02-05 22:33:35-05:00
Olginskaya,39.9492,47.1879,25.93,82.0,99.0,5.06,RU,2022-02-05 22:33:35-05:00
Westport,-73.3579,41.1415,21.79,54.0,0.0,5.99,US,2022-02-05 22:33:36-05:00
Dukat,155.55,62.55,-10.01,69.0,38.0,2.01,RU,2022-02-05 22:33:36-05:00
Ust-Tsilma,52.1498,65.441,-7.04,100.0,90.0,4.79,RU,2022-02-05 22:33:36-05:00
Kŭlob,69.783,37.9145,48.96,66.0,100.0,0.0,TJ,2022-02-05 22:33:37-05:00
Bom Jesus da Lapa,-43.4181,-13.255,73.0,85.0,100.0,4.99,BR,2022-02-05 22:33:37-05:00
Butembo,29.2833,0.15,58.69,74.0,100.0,2.19,CD,2022-02-05 22:33:37-05:00
Ahipara,173.1667,-35.1667,73.51,91.0,100.0,3.42,NZ,2022-02-05 22:33:37-05:00
Kīhei,-156.4656,20.785,78.82,72.0,0.0,16.11,US,2022-02-05 22:33:38-05:00
Paranaíba,-51.1908,-19.6772,72.25,94.0,99.0,2.59,BR,2022-02-05 22:33:38-05:00
Kaura Namoda,6.5779,12.5898,61.21,23.0,0.0,10.83,NG,2022-02-05 22:33:38-05:00
Saint-Pierre,55.4781,-21.3393,80.28,74.0,0.0,6.91,RE,2022-02-05 22:33:39-05:00
Alamogordo,-105.9603,32.8995,41.4,66.0,0.0,1.99,US,2022-02-05 22:34:39-05:00
Bako,36.5667,5.7833,67.35,51.0,97.0,3.49,ET,2022-02-05 22:34:39-05:00
Maceió,-35.7353,-9.6658,74.64,88.0,40.0,2.3,BR,2022-02-05 22:30:34-05:00
Lynn Haven,-85.6483,30.2455,46.38,65.0,3.0,1.99,US,2022-02-05 22:34:40-05:00
Nālūt,10.85,30.3333,52.23,24.0,100.0,10.69,LY,2022-02-05 22:34:41-05:00
Moussoro,16.4901,13.6408,58.42,21.0,0.0,15.08,TD,2022-02-05 22:34:41-05:00
Ngunguru,174.5,-35.6167,75.16,84.0,100.0,9.37,NZ,2022-02-05 22:34:41-05:00
Olafsvik,-23.7142,64.8945,29.44,69.0,98.0,28.27,IS,2022-02-05 22:32:19-05:00
Bubaque,-15.8333,11.2833,77.5,62.0,1.0,7.4,GW,2022-02-05 22:34:42-05:00
Dillon,-79.3712,34.4166,37.38,47.0,0.0,8.3,US,2022-02-05 22:34:42-05:00
Nanortalik,-45.2371,60.1432,9.81,59.0,100.0,13.47,GL,2022-02-05 22:34:42-05:00
Palma Soriano,-75.9989,20.2172,72.46,83.0,21.0,1.68,CU,2022-02-05 22:34:42-05:00
Sabha,14.4283,27.0377,50.31,34.0,6.0,9.82,LY,2022-02-05 22:34:43-05:00
Bānsi,82.9333,27.1833,57.96,67.0,0.0,6.08,IN,2022-02-05 22:34:43-05:00
Paphos,32.4167,34.7667,49.78,76.0,20.0,6.91,CY,2022-02-05 22:34:43-05:00
Weligama,80.4167,5.9667,81.72,65.0,42.0,5.73,LK,2022-02-05 22:34:44-05:00
Auch,0.5833,43.65,39.25,86.0,3.0,1.99,FR,2022-02-05 22:34:44-05:00
Srednekolymsk,153.6833,67.45,-27.94,96.0,18.0,0.72,RU,2022-02-05 22:34:44-05:00
Ekhabi,142.9671,53.5102,3.13,88.0,100.0,20.54,RU,2022-02-05 22:34:45-05:00
Paramonga,-77.8333,-10.6667,70.2,84.0,59.0,7.36,PE,2022-02-05 22:34:45-05:00
Hervey Bay,152.8535,-25.2986,77.11,56.0,41.0,25.17,AU,2022-02-05 22:34:45-05:00
Houston,-95.3633,29.7633,42.1,60.0,0.0,3.0,US,2022-02-05 22:32:56-05:00
Anadyr,177.4833,64.75,-5.3,71.0,0.0,2.24,RU,2022-02-05 22:34:45-05:00
Forsytheganj,29.7333,52.6333,30.79,90.0,97.0,12.35,BY,2022-02-05 22:34:46-05:00
Frankfort,28.4833,-27.2667,56.48,88.0,68.0,9.24,ZA,2022-02-05 22:34:03-05:00
Bonavista,-53.1147,48.6499,32.11,97.0,100.0,20.29,CA,2022-02-05 22:34:46-05:00
Urengoy,78.3667,65.9667,-22.95,100.0,97.0,4.47,RU,2022-02-05 22:34:47-05:00
Port Augusta,137.7667,-32.5,92.71,16.0,95.0,10.56,AU,2022-02-05 22:34:47-05:00
Oriximiná,-55.8661,-1.7656,73.81,94.0,99.0,2.15,BR,2022-02-05 22:34:47-05:00
Takoradze,-1.7554,4.8845,78.73,86.0,3.0,6.6,GH,2022-02-05 22:34:48-05:00
Tulum,-87.4667,20.2167,75.25,94.0,68.0,6.26,MX,2022-02-05 22:34:48-05:00
Oistins,-59.5333,13.0667,77.09,73.0,40.0,11.5,BB,2022-02-05 22:34:48-05:00
